scenario,condition,uncertainty,planner,resolution,runs,pct_SUCESSO,pct_SEM_CAMINHO,pct_TIMEOUT,pct_ENERGIA_INSUFICIENTE,pct_TEMPO_TOTAL_EXCEDIDO,pct_COLISAO,t_initial_ms_mean,t_initial_ms_std,t_first_solution_ms_mean,t_first_solution_ms_std,n_replans_mean,n_replans_std,replan_ms_mean_mean,replan_ms_mean_std,replan_ms_max_mean,replan_ms_max_std,initial_pct_budget_mean,initial_pct_budget_std,replan_pct_budget_max_mean,replan_pct_budget_max_std,energy_planned_wh_mean,energy_planned_wh_std,energy_exec_wh_mean,energy_exec_wh_std,abs_delta_e_wh_mean,abs_delta_e_wh_std,length_planned_m_mean,length_planned_m_std,length_exec_m_mean,length_exec_m_std,n_waypoints_mean,n_waypoints_std,min_clearance_m_mean,min_clearance_m_std,mission_time_s_mean,mission_time_s_std,realtime_ok_pct
C1,K1,,astar,2.0,3,100.0,0.0,0.0,0.0,0.0,0.0,1584.829,14.564,1584.829,14.564,0.0,0.0,,,,,0.868,0.008,,,3.773,0.003,4.007,0.0,0.234,0.003,182.653,0.129,183.868,0.126,3.0,0.0,1.31,0.224,64.6,0.0,100.0
C1,K1,,astar,4.0,3,100.0,0.0,0.0,0.0,0.0,0.0,199.548,5.612,199.548,5.612,0.0,0.0,,,,,0.11,0.003,,,3.763,0.011,4.0,0.006,0.236,0.007,182.193,0.52,183.401,0.508,5.0,0.0,1.237,0.274,64.467,0.094,100.0
C1,K1,,rrt_star,,30,100.0,0.0,0.0,0.0,0.0,0.0,5009.63,3.394,239.276,48.574,0.0,0.0,,,,,2.738,0.032,,,3.779,0.045,4.023,0.056,0.244,0.022,182.968,2.169,184.217,2.226,4.2,0.909,1.296,0.409,64.847,0.891,100.0
C1,K2,,astar,2.0,3,100.0,0.0,0.0,0.0,0.0,0.0,3056.711,17.417,3056.711,17.417,2.0,0.0,96.648,9.95,107.397,16.585,1.687,0.01,0.059,0.009,3.742,0.001,4.044,0.001,0.303,0.0,181.143,0.068,185.106,0.118,3.0,0.0,1.114,0.007,65.193,0.02,100.0
C1,K2,,astar,4.0,3,100.0,0.0,0.0,0.0,0.0,0.0,359.393,17.844,359.393,17.844,1.333,0.471,21.708,8.318,23.877,9.618,0.198,0.01,0.013,0.005,3.757,0.006,4.023,0.019,0.266,0.013,181.865,0.282,184.354,0.67,4.0,0.0,1.723,0.084,64.83,0.297,100.0
C1,K2,,rrt_star,,30,100.0,0.0,0.0,0.0,0.0,0.0,5011.435,3.361,450.245,106.132,1.433,1.116,257.243,182.704,298.654,185.974,2.758,0.031,0.165,0.103,3.754,0.045,4.112,0.234,0.358,0.237,181.728,2.176,187.388,10.497,3.367,0.547,1.25,0.249,66.268,3.753,100.0
C1,K3,,astar,2.0,3,100.0,0.0,0.0,0.0,0.0,0.0,2863.583,48.949,2863.583,48.949,1.333,0.471,168.047,4.226,176.542,15.496,1.581,0.028,0.097,0.009,3.742,0.001,4.017,0.017,0.275,0.016,181.143,0.068,183.864,0.525,3.0,0.0,1.256,0.051,64.759,0.273,100.0
C1,K3,,astar,4.0,3,100.0,0.0,0.0,0.0,0.0,0.0,401.344,15.643,401.344,15.643,2.0,0.0,35.614,14.833,44.946,18.447,0.221,0.008,0.025,0.01,3.757,0.006,4.013,0.02,0.256,0.017,181.865,0.282,183.899,0.639,4.0,0.0,1.726,0.297,64.671,0.312,100.0
C1,K3,,rrt_star,,30,100.0,0.0,0.0,0.0,0.0,0.0,5010.944,2.752,417.592,94.443,2.733,2.839,296.095,208.686,405.288,201.051,2.758,0.031,0.224,0.111,3.754,0.045,4.198,0.308,0.445,0.309,181.728,2.176,189.556,13.16,3.367,0.547,1.259,0.256,67.649,4.945,100.0
C1,K4,0.02,astar,2.0,3,100.0,0.0,0.0,0.0,0.0,0.0,2942.865,39.267,2942.865,39.267,0.0,0.0,,,,,1.611,0.022,,,3.773,0.003,4.007,0.0,0.234,0.003,182.653,0.129,183.868,0.126,3.0,0.0,1.31,0.224,64.6,0.0,100.0
C1,K4,0.02,astar,4.0,3,100.0,0.0,0.0,0.0,0.0,0.0,405.349,10.63,405.349,10.63,0.0,0.0,,,,,0.222,0.006,,,3.763,0.011,4.0,0.006,0.236,0.007,182.193,0.52,183.401,0.508,5.0,0.0,1.237,0.274,64.467,0.094,100.0
C1,K4,0.02,rrt_star,,30,100.0,0.0,0.0,0.0,0.0,0.0,5013.753,2.432,456.323,91.763,0.0,0.0,,,,,2.741,0.031,,,3.779,0.045,4.023,0.056,0.244,0.022,182.968,2.169,184.217,2.226,4.2,0.909,1.296,0.409,64.847,0.891,100.0
C1,K4,0.1,astar,2.0,3,100.0,0.0,0.0,0.0,0.0,0.0,2954.368,12.766,2954.368,12.766,0.0,0.0,,,,,1.617,0.007,,,3.773,0.003,4.007,0.0,0.234,0.003,182.653,0.129,183.868,0.126,3.0,0.0,1.31,0.224,64.6,0.0,100.0
C1,K4,0.1,astar,4.0,3,100.0,0.0,0.0,0.0,0.0,0.0,395.836,5.987,395.836,5.987,0.0,0.0,,,,,0.217,0.004,,,3.763,0.011,4.0,0.006,0.236,0.007,182.193,0.52,183.401,0.508,5.0,0.0,1.237,0.274,64.467,0.094,100.0
C1,K4,0.1,rrt_star,,30,100.0,0.0,0.0,0.0,0.0,0.0,5013.641,2.6,454.597,93.516,0.0,0.0,,,,,2.741,0.031,,,3.779,0.045,4.023,0.056,0.244,0.022,182.968,2.169,184.217,2.226,4.2,0.909,1.296,0.409,64.847,0.891,100.0
C1,K4,0.2,astar,2.0,3,100.0,0.0,0.0,0.0,0.0,0.0,3042.043,25.041,3042.043,25.041,0.0,0.0,,,,,1.665,0.014,,,3.773,0.003,4.007,0.0,0.234,0.003,182.653,0.129,183.868,0.126,3.0,0.0,1.31,0.224,64.6,0.0,100.0
C1,K4,0.2,astar,4.0,3,100.0,0.0,0.0,0.0,0.0,0.0,398.922,10.75,398.922,10.75,0.0,0.0,,,,,0.219,0.006,,,3.763,0.011,4.0,0.006,0.236,0.007,182.193,0.52,183.401,0.508,5.0,0.0,1.237,0.274,64.467,0.094,100.0
C1,K4,0.2,rrt_star,,30,100.0,0.0,0.0,0.0,0.0,0.0,5013.974,2.814,459.717,90.868,0.0,0.0,,,,,2.741,0.031,,,3.779,0.045,4.023,0.056,0.244,0.022,182.968,2.169,184.217,2.226,4.2,0.909,1.296,0.409,64.847,0.891,100.0
C1,K5,,astar,2.0,3,100.0,0.0,0.0,0.0,0.0,0.0,2974.968,15.866,2974.968,15.866,0.0,0.0,,,,,1.629,0.009,,,3.773,0.003,4.007,0.0,0.234,0.003,182.653,0.129,183.868,0.126,3.0,0.0,1.31,0.224,64.6,0.0,100.0
C1,K5,,astar,4.0,3,100.0,0.0,0.0,0.0,0.0,0.0,401.407,12.789,401.407,12.789,0.0,0.0,,,,,0.22,0.008,,,3.763,0.011,4.0,0.006,0.236,0.007,182.193,0.52,183.401,0.508,5.0,0.0,1.237,0.274,64.467,0.094,100.0
C1,K5,,rrt_star,,30,100.0,0.0,0.0,0.0,0.0,0.0,5014.307,2.718,460.604,90.929,0.0,0.0,,,,,2.741,0.031,,,3.779,0.045,4.023,0.056,0.244,0.022,182.968,2.169,184.217,2.226,4.2,0.909,1.296,0.409,64.847,0.891,100.0
C1,K6,,astar,2.0,3,0.0,0.0,0.0,100.0,0.0,0.0,,,,,,,,,,,,,,,,,,,,,,,,,,,,,,,
C1,K6,,astar,4.0,3,0.0,0.0,0.0,100.0,0.0,0.0,,,,,,,,,,,,,,,,,,,,,,,,,,,,,,,
C1,K6,,rrt_star,,30,0.0,0.0,0.0,100.0,0.0,0.0,,,,,,,,,,,,,,,,,,,,,,,,,,,,,,,
C2,K1,,astar,2.0,3,100.0,0.0,0.0,0.0,0.0,0.0,1035.663,3.203,1035.663,3.203,3.667,0.943,582.899,68.149,899.543,57.752,0.572,0.002,0.497,0.032,3.742,0.002,4.209,0.013,0.467,0.012,181.161,0.077,186.543,0.46,3.0,0.0,1.14,0.031,67.809,0.202,100.0
C2,K1,,astar,4.0,3,100.0,0.0,0.0,0.0,0.0,0.0,141.728,27.524,141.728,27.524,8.0,0.0,90.913,13.314,132.513,20.603,0.077,0.015,0.072,0.011,3.777,0.002,4.639,0.053,0.862,0.051,182.874,0.116,205.238,2.071,3.0,0.0,1.339,0.285,74.661,0.837,100.0
C2,K1,,rrt_star,,30,100.0,0.0,0.0,0.0,0.0,0.0,5008.474,1.091,250.332,34.316,3.767,2.246,251.172,60.215,330.387,42.912,2.764,0.011,0.182,0.024,3.743,0.015,4.345,0.145,0.603,0.14,181.185,0.708,195.444,5.897,3.0,0.0,1.392,0.272,69.981,2.332,100.0
C2,K5,,astar,2.0,3,100.0,0.0,0.0,0.0,0.0,0.0,978.295,17.185,978.295,17.185,2.0,0.0,767.533,14.548,865.086,9.599,0.54,0.01,0.478,0.005,3.742,0.002,3.983,0.005,0.241,0.006,181.161,0.077,178.151,0.113,3.0,0.0,5.711,0.018,64.202,0.087,100.0
C2,K5,,astar,4.0,3,100.0,0.0,0.0,0.0,0.0,0.0,136.962,25.243,136.962,25.243,2.0,0.0,160.523,38.69,217.518,62.792,0.075,0.014,0.119,0.034,3.777,0.002,3.957,0.01,0.18,0.008,182.874,0.116,180.613,0.305,3.0,0.0,2.658,0.154,63.788,0.162,100.0
C2,K5,,rrt_star,,30,100.0,0.0,0.0,0.0,0.0,0.0,5008.11,0.883,245.905,30.929,3.033,1.278,277.04,54.661,364.189,68.734,2.764,0.011,0.201,0.038,3.743,0.015,3.962,0.048,0.219,0.047,181.185,0.708,178.816,1.074,3.0,0.0,3.907,1.584,63.841,0.752,100.0
C3,K1,,astar,0.5,3,100.0,0.0,0.0,0.0,0.0,0.0,762.684,10.62,762.684,10.62,0.0,0.0,,,,,3.385,0.045,,,0.464,0.001,0.718,0.006,0.254,0.006,22.53,0.048,23.768,0.062,3.0,0.0,1.205,0.066,11.533,0.094,100.0
C3,K1,,astar,1.0,3,100.0,0.0,0.0,0.0,0.0,0.0,124.837,4.23,124.837,4.23,0.0,0.0,,,,,0.555,0.016,,,0.463,0.002,0.701,0.006,0.238,0.008,22.499,0.113,23.691,0.123,3.0,0.0,1.225,0.041,11.267,0.094,100.0
C3,K1,,rrt_star,,30,100.0,0.0,0.0,0.0,0.0,0.0,5004.609,1.813,40.009,14.25,0.0,0.0,,,,,22.145,0.32,,,0.465,0.007,0.709,0.01,0.243,0.011,22.604,0.331,23.814,0.322,3.433,0.616,1.337,0.204,11.387,0.154,100.0
C3,K2,,astar,0.5,3,100.0,0.0,0.0,0.0,0.0,0.0,804.672,20.779,804.672,20.779,1.0,0.0,2492.036,131.717,2492.036,131.717,3.67,0.092,11.367,0.59,0.451,0.0,0.872,0.013,0.421,0.013,21.922,0.021,23.531,0.021,3.0,0.0,1.242,0.06,14.025,0.211,100.0
C3,K2,,astar,1.0,3,100.0,0.0,0.0,0.0,0.0,0.0,140.555,7.512,140.555,7.512,1.0,0.0,408.433,19.673,408.433,19.673,0.631,0.031,1.834,0.079,0.458,0.003,0.739,0.007,0.28,0.006,22.269,0.123,23.762,0.125,3.0,0.0,1.328,0.043,11.875,0.105,100.0
C3,K2,,rrt_star,,30,100.0,0.0,0.0,0.0,0.0,0.0,5003.802,1.621,34.88,13.123,1.0,0.258,161.486,54.727,163.196,52.42,22.625,0.295,0.739,0.238,0.455,0.006,0.739,0.03,0.284,0.031,22.12,0.292,24.727,1.044,3.033,0.18,1.425,0.243,11.878,0.473,100.0
C4,K1,,astar,1.0,3,100.0,0.0,0.0,0.0,0.0,0.0,2487.305,82.436,2487.305,82.436,0.0,0.0,,,,,5.236,0.181,,,0.806,0.007,1.055,0.01,0.249,0.007,47.507,0.072,48.627,0.13,5.0,0.0,2.247,0.093,46.133,0.377,100.0
C4,K1,,astar,2.0,3,100.0,0.0,0.0,0.0,0.0,0.0,384.149,11.553,384.149,11.553,0.0,0.0,,,,,0.801,0.025,,,0.829,0.021,1.004,0.074,0.176,0.096,47.961,0.146,48.123,0.563,4.667,0.471,2.189,0.166,44.4,1.131,100.0
C4,K1,,rrt_star,,30,100.0,0.0,0.0,0.0,0.0,0.0,5005.934,1.398,84.101,19.766,0.0,0.0,,,,,10.007,0.53,,,0.843,0.055,1.12,0.07,0.276,0.061,50.171,2.731,51.089,2.579,5.167,0.637,2.165,0.363,46.92,5.757,100.0
C4,K4,0.02,astar,1.0,3,100.0,0.0,0.0,0.0,0.0,0.0,2372.955,29.312,2372.955,29.312,0.0,0.0,,,,,4.874,0.055,,,0.819,0.01,1.062,0.013,0.243,0.005,48.689,0.299,49.305,0.237,4.333,0.471,2.254,0.101,47.0,0.327,100.0
C4,K4,0.02,astar,2.0,3,100.0,0.0,0.0,0.0,0.0,0.0,355.785,5.353,355.785,5.353,0.0,0.0,,,,,0.729,0.019,,,0.837,0.017,1.013,0.078,0.176,0.094,48.851,0.719,49.026,1.097,4.667,0.471,2.584,0.198,46.067,2.5,100.0
C4,K4,0.02,rrt_star,,30,100.0,0.0,0.0,0.0,0.0,0.0,5007.146,1.605,85.526,19.717,0.0,0.0,,,,,9.92,0.49,,,0.848,0.053,1.122,0.066,0.274,0.059,50.599,2.541,51.574,2.484,5.467,0.67,2.861,0.591,47.28,5.399,100.0
C4,K4,0.1,astar,1.0,3,100.0,0.0,0.0,0.0,0.0,0.0,2614.966,84.144,2614.966,84.144,0.0,0.0,,,,,5.131,0.192,,,0.833,0.005,1.076,0.008,0.244,0.005,50.974,0.266,51.502,0.22,6.0,0.0,3.4,0.079,51.667,0.249,100.0
C4,K4,0.1,astar,2.0,3,100.0,0.0,0.0,0.0,0.0,0.0,395.675,15.679,395.675,15.679,0.0,0.0,,,,,0.769,0.026,,,0.855,0.03,1.029,0.066,0.174,0.096,51.454,0.371,51.359,0.246,5.333,0.471,4.164,0.16,51.333,0.34,100.0
C4,K4,0.1,rrt_star,,30,100.0,0.0,0.0,0.0,0.0,0.0,5007.396,2.231,87.946,19.885,0.0,0.0,,,,,9.89,0.679,,,0.915,0.073,1.186,0.098,0.271,0.066,50.873,3.555,51.813,3.276,5.667,0.789,3.576,1.812,43.92,10.483,100.0
C4,K4,0.2,astar,1.0,3,66.7,0.0,33.3,0.0,0.0,0.0,2564.097,14.565,2564.097,14.565,0.0,0.0,,,,,4.753,0.011,,,0.848,0.002,1.09,0.001,0.242,0.001,53.949,0.43,54.566,0.254,8.5,0.5,5.428,0.033,56.8,0.8,100.0
C4,K4,0.2,astar,2.0,3,100.0,0.0,0.0,0.0,0.0,0.0,7404.065,80.09,7404.065,80.09,0.0,0.0,,,,,13.41,0.241,,,0.881,0.028,1.052,0.069,0.171,0.097,55.22,0.401,55.055,0.297,8.0,0.0,6.231,0.164,57.6,0.327,100.0
C4,K4,0.2,rrt_star,,30,100.0,0.0,0.0,0.0,0.0,0.0,5006.772,3.772,97.968,31.355,0.0,0.0,,,,,10.004,0.961,,,1.036,0.057,1.296,0.071,0.26,0.048,50.62,5.993,51.632,5.754,6.0,1.713,2.447,2.085,35.227,10.653,100.0
C5,K1,,astar,1.0,3,100.0,0.0,0.0,0.0,0.0,0.0,991.385,51.744,991.385,51.744,0.0,0.0,,,,,2.393,0.127,,,0.437,0.0,0.45,0.001,0.013,0.001,41.432,0.043,41.626,0.036,4.0,0.0,1.681,0.13,42.667,0.094,100.0
C5,K1,,astar,2.0,3,100.0,0.0,0.0,0.0,0.0,0.0,144.081,9.781,144.081,9.781,0.0,0.0,,,,,0.344,0.025,,,0.443,0.003,0.455,0.003,0.012,0.001,41.932,0.271,42.08,0.256,3.333,0.471,1.795,0.094,43.133,0.249,100.0
C5,K1,,rrt_star,,30,100.0,0.0,0.0,0.0,0.0,0.0,5005.805,1.931,105.752,25.303,0.0,0.0,,,,,11.688,0.334,,,0.452,0.013,0.465,0.013,0.012,0.001,42.863,1.254,42.929,1.157,3.5,0.563,1.851,0.244,44.04,1.172,100.0
C5,K2,,astar,1.0,3,100.0,0.0,0.0,0.0,0.0,0.0,1003.467,46.022,1003.467,46.022,1.0,0.0,758.544,49.692,758.544,49.692,2.424,0.111,1.833,0.118,0.437,0.001,0.456,0.0,0.019,0.001,41.391,0.055,41.901,0.037,3.0,0.0,1.847,0.115,43.759,0.05,100.0
C5,K2,,astar,2.0,3,100.0,0.0,0.0,0.0,0.0,0.0,146.871,4.538,146.871,4.538,1.0,0.0,119.597,10.717,119.597,10.717,0.353,0.011,0.287,0.026,0.439,0.001,0.456,0.003,0.017,0.003,41.619,0.122,42.084,0.254,3.0,0.0,1.796,0.093,43.32,0.29,100.0
C5,K2,,rrt_star,,30,100.0,0.0,0.0,0.0,0.0,0.0,5006.017,1.52,101.171,24.812,0.967,0.18,201.193,77.091,201.193,77.091,11.836,0.215,0.476,0.183,0.447,0.008,0.515,0.052,0.068,0.053,42.308,0.773,47.518,4.79,3.067,0.249,2.033,0.282,48.874,4.907,100.0
C5,K3,,astar,1.0,3,100.0,0.0,0.0,0.0,0.0,0.0,1042.868,48.858,1042.868,48.858,1.0,0.0,911.229,50.912,911.229,50.912,2.52,0.118,2.201,0.122,0.437,0.001,0.456,0.0,0.019,0.001,41.391,0.055,41.902,0.037,3.0,0.0,1.847,0.115,43.911,0.051,100.0
C5,K3,,astar,2.0,3,100.0,0.0,0.0,0.0,0.0,0.0,142.379,3.713,142.379,3.713,1.0,0.0,179.279,52.294,179.279,52.294,0.342,0.009,0.431,0.126,0.439,0.001,0.456,0.003,0.017,0.003,41.619,0.122,42.085,0.253,3.0,0.0,1.8,0.099,43.379,0.231,100.0
C5,K3,,rrt_star,,30,100.0,0.0,0.0,0.0,0.0,0.0,5005.735,1.486,103.359,24.965,0.967,0.18,237.385,95.678,237.385,95.678,11.812,0.229,0.561,0.227,0.447,0.009,0.507,0.049,0.06,0.05,42.394,0.826,46.818,4.508,3.067,0.249,2.012,0.266,48.196,4.638,100.0
C5,K4,0.02,astar,1.0,3,100.0,0.0,0.0,0.0,0.0,0.0,941.113,45.187,941.113,45.187,0.0,0.0,,,,,2.25,0.119,,,0.442,0.002,0.455,0.002,0.013,0.0,41.845,0.211,41.979,0.192,5.0,0.816,1.845,0.117,43.133,0.189,100.0
C5,K4,0.02,astar,2.0,3,100.0,0.0,0.0,0.0,0.0,0.0,144.389,1.964,144.389,1.964,0.0,0.0,,,,,0.344,0.004,,,0.443,0.001,0.456,0.001,0.014,0.0,41.948,0.076,42.118,0.08,4.0,0.0,2.255,0.281,43.267,0.094,100.0
C5,K4,0.02,rrt_star,,30,100.0,0.0,0.0,0.0,0.0,0.0,5006.73,2.108,119.352,31.999,0.0,0.0,,,,,11.577,0.3,,,0.457,0.012,0.469,0.012,0.012,0.001,43.276,1.146,43.318,1.07,3.667,0.699,2.279,0.271,44.453,1.099,100.0
C5,K4,0.1,astar,1.0,3,100.0,0.0,0.0,0.0,0.0,0.0,832.304,19.969,832.304,19.969,0.0,0.0,,,,,1.921,0.048,,,0.457,0.0,0.469,0.001,0.012,0.001,43.328,0.033,43.381,0.058,6.667,0.471,2.903,0.279,44.467,0.094,100.0
C5,K4,0.1,astar,2.0,3,100.0,0.0,0.0,0.0,0.0,0.0,154.2,3.054,154.2,3.054,0.0,0.0,,,,,0.354,0.008,,,0.46,0.002,0.472,0.002,0.012,0.0,43.595,0.171,43.642,0.141,6.0,0.0,2.949,0.396,44.733,0.189,100.0
C5,K4,0.1,rrt_star,,30,100.0,0.0,0.0,0.0,0.0,0.0,5010.887,3.14,124.621,35.197,0.0,0.0,,,,,11.112,0.269,,,0.476,0.012,0.488,0.011,0.011,0.001,45.123,1.11,45.058,1.058,5.1,1.193,3.427,0.365,46.2,1.071,100.0
C5,K4,0.2,astar,1.0,3,100.0,0.0,0.0,0.0,0.0,0.0,1187.813,82.122,1187.813,82.122,0.0,0.0,,,,,2.488,0.154,,,0.504,0.004,0.515,0.004,0.011,0.0,47.727,0.345,47.638,0.354,9.333,0.471,3.901,0.166,48.8,0.327,100.0
C5,K4,0.2,astar,2.0,3,100.0,0.0,0.0,0.0,0.0,0.0,2267.928,1455.564,2267.928,1455.564,0.0,0.0,,,,,4.728,3.038,,,0.508,0.004,0.519,0.004,0.01,0.001,48.141,0.396,47.999,0.376,6.333,0.471,4.338,0.111,49.133,0.411,100.0
C5,K4,0.2,rrt_star,,30,100.0,0.0,0.0,0.0,0.0,0.0,5015.148,3.668,246.09,161.836,0.0,0.0,,,,,9.875,0.315,,,0.537,0.019,0.545,0.018,0.009,0.002,50.842,1.785,50.394,1.644,7.2,1.424,4.65,0.564,51.627,1.692,100.0
C5,K5,,astar,1.0,3,100.0,0.0,0.0,0.0,0.0,0.0,989.885,49.196,989.885,49.196,0.0,0.0,,,,,2.389,0.121,,,0.437,0.0,0.45,0.001,0.013,0.001,41.432,0.043,41.626,0.036,4.0,0.0,1.681,0.13,42.667,0.094,100.0
C5,K5,,astar,2.0,3,100.0,0.0,0.0,0.0,0.0,0.0,140.22,5.728,140.22,5.728,0.0,0.0,,,,,0.334,0.016,,,0.443,0.003,0.455,0.003,0.012,0.001,41.932,0.271,42.08,0.256,3.333,0.471,1.795,0.094,43.133,0.249,100.0
C5,K5,,rrt_star,,30,100.0,0.0,0.0,0.0,0.0,0.0,5006.382,1.782,105.884,25.709,0.0,0.0,,,,,11.701,0.314,,,0.452,0.012,0.464,0.012,0.012,0.001,42.818,1.175,42.89,1.088,3.5,0.563,1.842,0.25,44.0,1.103,100.0
C5,K6,,astar,1.0,3,0.0,0.0,0.0,100.0,0.0,0.0,,,,,,,,,,,,,,,,,,,,,,,,,,,,,,,
C5,K6,,astar,2.0,3,0.0,0.0,0.0,100.0,0.0,0.0,,,,,,,,,,,,,,,,,,,,,,,,,,,,,,,
C5,K6,,rrt_star,,30,0.0,0.0,0.0,100.0,0.0,0.0,,,,,,,,,,,,,,,,,,,,,,,,,,,,,,,
C6,K1,,astar,2.0,3,100.0,0.0,0.0,0.0,0.0,0.0,6298.057,68.415,6298.057,68.415,0.0,0.0,,,,,7.78,0.174,,,3.729,0.07,4.171,0.026,0.442,0.096,206.913,1.025,208.936,0.52,10.0,0.0,1.248,0.111,144.933,0.249,100.0
C6,K1,,astar,4.0,3,100.0,0.0,0.0,0.0,0.0,0.0,890.85,19.836,890.85,19.836,0.0,0.0,,,,,1.122,0.024,,,3.838,0.037,4.174,0.037,0.336,0.003,208.889,1.191,210.191,1.2,10.0,0.0,1.313,0.276,146.733,1.806,100.0
C6,K1,,rrt_star,,30,100.0,0.0,0.0,0.0,0.0,0.0,15017.398,2.973,494.771,89.917,0.0,0.0,,,,,18.799,1.08,,,4.161,0.211,4.752,0.237,0.592,0.107,205.446,5.939,208.282,6.219,10.667,1.193,1.328,0.217,112.54,9.086,100.0
C6,K2,,astar,2.0,3,100.0,0.0,0.0,0.0,0.0,0.0,5993.216,44.711,5993.216,44.711,18.0,4.967,39.672,3.101,212.689,59.467,7.404,0.191,0.785,0.207,3.722,0.073,5.809,0.817,2.086,0.747,206.594,1.133,217.402,7.593,10.0,0.0,1.324,0.178,170.769,12.036,100.0
C6,K2,,astar,4.0,3,100.0,0.0,0.0,0.0,0.0,0.0,841.809,11.66,841.809,11.66,17.667,2.055,26.26,1.185,51.625,4.456,1.06,0.023,0.195,0.018,3.846,0.038,4.904,0.015,1.057,0.024,210.282,0.154,214.522,1.866,10.0,0.0,1.271,0.217,158.929,0.364,100.0
C6,K2,,rrt_star,,30,100.0,0.0,0.0,0.0,0.0,0.0,15015.613,3.354,452.834,81.138,11.9,3.229,51.287,20.724,163.349,90.182,18.82,1.075,0.616,0.348,4.116,0.216,5.317,0.374,1.201,0.327,203.647,5.475,211.324,6.415,10.533,1.087,1.36,0.223,119.809,9.759,100.0
C6,K3,,astar,2.0,3,100.0,0.0,0.0,0.0,0.0,0.0,6314.533,42.709,6314.533,42.709,0.667,0.471,466.731,25.712,466.731,25.712,7.801,0.181,1.748,0.121,3.722,0.073,4.129,0.053,0.407,0.113,206.594,1.133,206.783,1.717,10.0,0.0,1.189,0.129,144.378,0.477,100.0
C6,K3,,astar,4.0,3,100.0,0.0,0.0,0.0,0.0,0.0,846.199,4.504,846.199,4.504,0.667,0.943,69.11,0.0,125.302,0.0,1.065,0.005,0.478,0.0,3.846,0.038,4.164,0.055,0.318,0.028,210.282,0.154,210.511,1.37,10.0,0.0,1.271,0.217,147.913,0.763,100.0
C6,K3,,rrt_star,,30,100.0,0.0,0.0,0.0,0.0,0.0,15016.558,4.103,458.408,88.948,1.5,0.671,226.311,51.193,261.635,83.836,18.821,1.076,0.988,0.335,4.116,0.216,4.819,0.26,0.703,0.268,203.647,5.475,210.473,8.052,10.533,1.087,1.405,0.28,112.262,10.475,100.0
C6,K4,0.02,astar,2.0,3,100.0,0.0,0.0,0.0,0.0,0.0,6117.447,55.802,6117.447,55.802,0.0,0.0,,,,,7.474,0.024,,,3.745,0.068,4.184,0.036,0.44,0.102,207.842,1.743,209.731,0.989,11.667,0.471,1.248,0.111,144.8,1.96,100.0
C6,K4,0.02,astar,4.0,3,100.0,0.0,0.0,0.0,0.0,0.0,1314.917,613.944,1314.917,613.944,0.0,0.0,,,,,1.624,0.737,,,3.848,0.04,4.19,0.05,0.342,0.012,209.137,1.166,210.407,1.223,11.333,0.471,1.378,0.368,146.6,0.432,100.0
C6,K4,0.02,rrt_star,,30,100.0,0.0,0.0,0.0,0.0,0.0,15017.179,3.052,532.046,101.983,0.0,0.0,,,,,18.657,1.094,,,4.146,0.184,4.734,0.194,0.588,0.116,205.661,4.943,208.344,5.28,10.933,1.365,1.333,0.301,114.06,11.437,100.0
C6,K4,0.1,astar,2.0,3,100.0,0.0,0.0,0.0,0.0,0.0,14733.458,11330.608,14733.458,11330.608,0.0,0.0,,,,,17.256,13.007,,,3.804,0.058,4.209,0.071,0.405,0.129,209.547,1.256,211.033,0.197,13.333,1.247,1.248,0.111,143.467,1.31,100.0
C6,K4,0.1,astar,4.0,3,100.0,0.0,0.0,0.0,0.0,0.0,2352.024,1865.152,2352.024,1865.152,0.0,0.0,,,,,2.664,2.068,,,3.925,0.055,4.266,0.045,0.341,0.017,215.387,2.052,216.357,1.222,12.667,0.943,1.449,0.468,152.533,2.705,100.0
C6,K4,0.1,rrt_star,,30,100.0,0.0,0.0,0.0,0.0,0.0,15018.52,3.48,604.9,218.23,0.0,0.0,,,,,17.567,2.188,,,4.271,0.167,4.815,0.196,0.545,0.116,209.262,6.518,211.806,6.707,11.433,1.802,1.369,0.274,111.52,8.83,100.0
C6,K4,0.2,astar,2.0,3,100.0,0.0,0.0,0.0,0.0,0.0,6909.568,63.539,6909.568,63.539,0.0,0.0,,,,,8.628,0.331,,,3.895,0.072,4.297,0.036,0.402,0.102,219.505,1.992,220.314,1.621,16.333,0.471,1.248,0.111,156.4,2.673,100.0
C6,K4,0.2,astar,4.0,3,100.0,0.0,0.0,0.0,0.0,0.0,8216.129,638.064,8216.129,638.064,0.0,0.0,,,,,9.109,0.817,,,4.028,0.102,4.419,0.012,0.391,0.091,225.871,4.737,226.79,4.23,14.667,0.471,1.449,0.468,163.867,1.236,100.0
C6,K4,0.2,rrt_star,,30,93.3,0.0,6.7,0.0,0.0,0.0,15019.739,3.363,1142.149,992.038,0.0,0.0,,,,,15.769,2.204,,,4.422,0.147,4.949,0.152,0.527,0.075,213.948,5.867,216.268,5.835,12.857,1.641,1.362,0.259,108.743,6.299,100.0
C6,K5,,astar,2.0,3,100.0,0.0,0.0,0.0,0.0,0.0,6027.768,37.182,6027.768,37.182,2.0,0.0,1888.86,130.396,3251.264,155.152,7.446,0.164,12.038,0.365,3.729,0.07,4.3,0.018,0.571,0.088,206.913,1.025,200.342,0.242,10.0,0.0,1.248,0.111,143.978,1.118,100.0
C6,K5,,astar,4.0,3,100.0,0.0,0.0,0.0,0.0,0.0,849.875,18.885,849.875,18.885,2.0,0.0,272.851,3.327,448.735,15.195,1.071,0.021,1.697,0.073,3.838,0.037,4.278,0.103,0.44,0.139,208.889,1.191,207.485,1.392,10.0,0.0,1.449,0.468,144.279,2.127,100.0
C6,K5,,rrt_star,,30,100.0,0.0,0.0,0.0,0.0,0.0,15017.189,3.175,497.449,92.226,2.0,0.0,127.417,34.365,203.275,48.196,18.799,1.08,0.764,0.188,4.161,0.211,4.586,0.162,0.425,0.258,205.446,5.939,203.244,5.287,10.667,1.193,1.29,0.271,116.528,4.16,100.0
C6,K6,,astar,2.0,3,0.0,0.0,0.0,100.0,0.0,0.0,,,,,,,,,,,,,,,,,,,,,,,,,,,,,,,
C6,K6,,astar,4.0,3,0.0,0.0,0.0,100.0,0.0,0.0,,,,,,,,,,,,,,,,,,,,,,,,,,,,,,,
C6,K6,,rrt_star,,30,0.0,0.0,0.0,100.0,0.0,0.0,,,,,,,,,,,,,,,,,,,,,,,,,,,,,,,
