scenario,planner,budget_s,seed,status,wall_s,first_solution_ms,energy_wh,length_m,waypoints
C1,astar,,0,SUCESSO,2.05,2046.4,3.7704,182.54,3
C1,astar,,1,SUCESSO,1.68,1672.5,3.7766,182.83,3
C1,astar,,2,SUCESSO,1.93,1922.1,3.7716,182.59,3
C1,rrt_star,1.0,0,SUCESSO,1.01,291.4,3.7831,183.15,3
C1,rrt_star,1.0,1,SUCESSO,1.01,302.6,3.8033,184.12,5
C1,rrt_star,1.0,2,SUCESSO,1.02,615.5,3.9599,191.71,4
C1,rrt_star,1.0,3,SUCESSO,1.02,557.9,3.752,181.64,5
C1,rrt_star,1.0,4,SUCESSO,1.0,375.7,3.7753,182.77,3
C1,rrt_star,1.0,5,SUCESSO,1.02,324.9,3.7354,180.84,5
C1,rrt_star,1.0,6,SUCESSO,1.02,566.1,3.7507,181.58,4
C1,rrt_star,1.0,7,SUCESSO,1.02,429.8,3.7482,181.46,5
C1,rrt_star,1.0,8,SUCESSO,1.01,337.8,3.7775,182.88,6
C1,rrt_star,1.0,9,SUCESSO,1.02,441.6,3.7421,181.16,4
C1,rrt_star,1.0,10,SUCESSO,1.02,357.1,3.7452,181.31,6
C1,rrt_star,1.0,11,SUCESSO,1.02,473.9,3.8086,184.38,5
C1,rrt_star,1.0,12,SUCESSO,1.0,213.1,3.7567,181.87,3
C1,rrt_star,1.0,13,SUCESSO,1.02,510.6,3.8656,187.14,5
C1,rrt_star,1.0,14,SUCESSO,1.01,643.1,3.7683,182.43,3
C1,rrt_star,1.0,15,SUCESSO,1.02,473.5,3.8129,184.59,4
C1,rrt_star,1.0,16,SUCESSO,1.02,311.3,3.7971,183.83,5
C1,rrt_star,1.0,17,SUCESSO,1.02,522.6,3.7661,182.32,4
C1,rrt_star,1.0,18,SUCESSO,1.01,625.9,3.7645,182.25,4
C1,rrt_star,1.0,19,SUCESSO,1.01,372.8,3.807,184.3,3
C1,rrt_star,2.0,0,SUCESSO,2.01,495.4,3.7831,183.15,3
C1,rrt_star,2.0,1,SUCESSO,2.02,402.6,3.8033,184.12,5
C1,rrt_star,2.0,2,SUCESSO,2.02,596.0,3.9599,191.71,4
C1,rrt_star,2.0,3,SUCESSO,2.02,418.1,3.752,181.64,5
C1,rrt_star,2.0,4,SUCESSO,2.01,295.1,3.7753,182.77,3
C1,rrt_star,2.0,5,SUCESSO,2.01,218.5,3.7354,180.84,5
C1,rrt_star,2.0,6,SUCESSO,2.02,540.6,3.7507,181.58,4
C1,rrt_star,2.0,7,SUCESSO,2.02,543.1,3.7482,181.46,5
C1,rrt_star,2.0,8,SUCESSO,2.02,486.0,3.7775,182.88,6
C1,rrt_star,2.0,9,SUCESSO,2.02,440.1,3.7421,181.16,4
C1,rrt_star,2.0,10,SUCESSO,2.02,361.2,3.7452,181.31,6
C1,rrt_star,2.0,11,SUCESSO,2.02,355.4,3.8086,184.38,5
C1,rrt_star,2.0,12,SUCESSO,2.0,199.2,3.7567,181.87,3
C1,rrt_star,2.0,13,SUCESSO,2.02,302.6,3.8656,187.14,5
C1,rrt_star,2.0,14,SUCESSO,2.01,489.9,3.7683,182.43,3
C1,rrt_star,2.0,15,SUCESSO,2.02,594.9,3.8129,184.59,4
C1,rrt_star,2.0,16,SUCESSO,2.01,279.9,3.7971,183.83,5
C1,rrt_star,2.0,17,SUCESSO,2.01,228.3,3.7661,182.32,4
C1,rrt_star,2.0,18,SUCESSO,2.02,804.0,3.7645,182.25,4
C1,rrt_star,2.0,19,SUCESSO,2.01,798.9,3.807,184.3,3
C1,rrt_star,5.0,0,SUCESSO,5.01,658.5,3.7831,183.15,3
C1,rrt_star,5.0,1,SUCESSO,5.02,406.6,3.8033,184.12,5
C1,rrt_star,5.0,2,SUCESSO,5.01,601.0,3.9599,191.71,4
C1,rrt_star,5.0,3,SUCESSO,5.01,255.7,3.752,181.64,5
C1,rrt_star,5.0,4,SUCESSO,5.01,642.5,3.7753,182.77,3
C1,rrt_star,5.0,5,SUCESSO,5.02,357.5,3.7354,180.84,5
C1,rrt_star,5.0,6,SUCESSO,5.01,239.0,3.7507,181.58,4
C1,rrt_star,5.0,7,SUCESSO,5.02,415.6,3.7482,181.46,5
C1,rrt_star,5.0,8,SUCESSO,5.01,344.5,3.7775,182.88,6
C1,rrt_star,5.0,9,SUCESSO,5.01,343.2,3.7421,181.16,4
C1,rrt_star,5.0,10,SUCESSO,5.02,220.7,3.7452,181.31,6
C1,rrt_star,5.0,11,SUCESSO,5.02,470.1,3.8086,184.38,5
C1,rrt_star,5.0,12,SUCESSO,5.01,469.4,3.7567,181.87,3
C1,rrt_star,5.0,13,SUCESSO,5.02,654.7,3.8656,187.14,5
C1,rrt_star,5.0,14,SUCESSO,5.01,496.2,3.7683,182.43,3
C1,rrt_star,5.0,15,SUCESSO,5.01,273.0,3.8129,184.59,4
C1,rrt_star,5.0,16,SUCESSO,5.02,573.8,3.7971,183.83,5
C1,rrt_star,5.0,17,SUCESSO,5.01,416.1,3.7558,181.83,4
C1,rrt_star,5.0,18,SUCESSO,5.01,414.2,3.7645,182.25,4
C1,rrt_star,5.0,19,SUCESSO,5.01,637.4,3.807,184.3,3
C1,rrt_star,10.0,0,SUCESSO,10.01,525.1,3.7831,183.15,3
C1,rrt_star,10.0,1,SUCESSO,10.01,331.7,3.8033,184.12,5
C1,rrt_star,10.0,2,SUCESSO,10.02,794.1,3.9599,191.71,4
C1,rrt_star,10.0,3,SUCESSO,10.02,559.0,3.752,181.64,5
C1,rrt_star,10.0,4,SUCESSO,10.01,357.0,3.7753,182.77,3
C1,rrt_star,10.0,5,SUCESSO,10.01,287.6,3.7354,180.84,5
C1,rrt_star,10.0,6,SUCESSO,10.01,433.1,3.7507,181.58,4
C1,rrt_star,10.0,7,SUCESSO,10.02,554.6,3.7482,181.46,5
C1,rrt_star,10.0,8,SUCESSO,10.01,489.1,3.7775,182.88,6
C1,rrt_star,10.0,9,SUCESSO,10.01,199.5,3.7421,181.16,4
C1,rrt_star,10.0,10,SUCESSO,10.02,373.7,3.7452,181.31,6
C1,rrt_star,10.0,11,SUCESSO,10.02,471.1,3.8086,184.38,5
C1,rrt_star,10.0,12,SUCESSO,10.01,473.9,3.7567,181.87,3
C1,rrt_star,10.0,13,SUCESSO,10.02,497.6,3.8188,184.87,5
C1,rrt_star,10.0,14,SUCESSO,10.01,277.0,3.7683,182.43,3
C1,rrt_star,10.0,15,SUCESSO,10.02,590.6,3.8129,184.59,4
C1,rrt_star,10.0,16,SUCESSO,10.02,432.4,3.7971,183.83,5
C1,rrt_star,10.0,17,SUCESSO,10.01,229.3,3.7558,181.83,4
C1,rrt_star,10.0,18,SUCESSO,10.01,612.0,3.7645,182.25,4
C1,rrt_star,10.0,19,SUCESSO,10.01,812.4,3.807,184.3,3
C1,rrt_star,20.0,0,SUCESSO,20.01,294.9,3.7831,183.15,3
C1,rrt_star,20.0,1,SUCESSO,20.02,314.6,3.8033,184.12,5
C1,rrt_star,20.0,2,SUCESSO,20.02,793.2,3.9599,191.71,4
C1,rrt_star,20.0,3,SUCESSO,20.02,553.6,3.752,181.64,5
C1,rrt_star,20.0,4,SUCESSO,20.01,511.9,3.7753,182.77,3
C1,rrt_star,20.0,5,SUCESSO,20.02,348.8,3.7354,180.84,5
C1,rrt_star,20.0,6,SUCESSO,20.02,539.8,3.7507,181.58,4
C1,rrt_star,20.0,7,SUCESSO,20.02,545.1,3.7481,181.46,5
C1,rrt_star,20.0,8,SUCESSO,20.02,360.1,3.7775,182.88,6
C1,rrt_star,20.0,9,SUCESSO,20.01,261.7,3.7421,181.16,4
C1,rrt_star,20.0,10,SUCESSO,20.03,386.0,3.7452,181.31,6
C1,rrt_star,20.0,11,SUCESSO,20.01,359.8,3.8086,184.38,5
C1,rrt_star,20.0,12,SUCESSO,20.01,469.8,3.7567,181.87,3
C1,rrt_star,20.0,13,SUCESSO,20.02,314.2,3.8188,184.87,5
C1,rrt_star,20.0,14,SUCESSO,20.01,509.6,3.7683,182.43,3
C1,rrt_star,20.0,15,SUCESSO,20.02,593.4,3.7788,182.94,4
C1,rrt_star,20.0,16,SUCESSO,20.02,437.5,3.7971,183.83,5
C1,rrt_star,20.0,17,SUCESSO,20.02,410.3,3.7558,181.83,4
C1,rrt_star,20.0,18,SUCESSO,20.02,818.6,3.7645,182.25,4
C1,rrt_star,20.0,19,SUCESSO,20.01,813.4,3.807,184.3,3
C1,rrt_star,40.0,0,SUCESSO,40.01,630.1,3.7831,183.15,3
C1,rrt_star,40.0,1,SUCESSO,40.02,332.5,3.8033,184.12,5
C1,rrt_star,40.0,2,SUCESSO,40.02,632.7,3.9599,191.71,4
C1,rrt_star,40.0,3,SUCESSO,40.02,318.6,3.752,181.64,5
C1,rrt_star,40.0,4,SUCESSO,40.01,352.9,3.7753,182.77,3
C1,rrt_star,40.0,5,SUCESSO,40.02,371.0,3.735,180.82,5
C1,rrt_star,40.0,6,SUCESSO,40.01,266.5,3.7456,181.33,5
C1,rrt_star,40.0,7,SUCESSO,40.02,552.9,3.7481,181.46,5
C1,rrt_star,40.0,8,SUCESSO,40.01,446.8,3.7775,182.88,6
C1,rrt_star,40.0,9,SUCESSO,40.01,351.3,3.7421,181.16,4
C1,rrt_star,40.0,10,SUCESSO,40.02,488.2,3.7447,181.29,6
C1,rrt_star,40.0,11,SUCESSO,40.02,477.1,3.8086,184.38,5
C1,rrt_star,40.0,12,SUCESSO,40.01,211.9,3.7567,181.87,3
C1,rrt_star,40.0,13,SUCESSO,40.02,295.5,3.8205,184.96,5
C1,rrt_star,40.0,14,SUCESSO,40.01,506.4,3.7683,182.43,3
C1,rrt_star,40.0,15,SUCESSO,40.02,460.1,3.7788,182.94,4
C1,rrt_star,40.0,16,SUCESSO,40.02,560.7,3.8039,184.15,5
C1,rrt_star,40.0,17,SUCESSO,40.01,255.9,3.7558,181.83,4
C1,rrt_star,40.0,18,SUCESSO,40.02,621.3,3.7645,182.25,4
C1,rrt_star,40.0,19,SUCESSO,40.01,384.1,3.807,184.3,3
C4,astar,,0,SUCESSO,1.7,1696.8,0.8007,47.6,5
C4,astar,,1,SUCESSO,1.61,1609.0,0.8016,47.49,5
C4,astar,,2,SUCESSO,2.05,2050.1,0.8155,47.43,5
C4,rrt_star,1.0,0,SUCESSO,1.01,91.6,1.069,50.75,4
C4,rrt_star,1.0,1,SUCESSO,1.01,92.0,1.0197,47.93,5
C4,rrt_star,1.0,2,SUCESSO,1.01,118.0,1.0065,48.41,5
C4,rrt_star,1.0,3,SUCESSO,1.01,108.2,1.016,47.79,5
C4,rrt_star,1.0,4,SUCESSO,1.0,69.0,1.0581,49.04,5
C4,rrt_star,1.0,5,SUCESSO,1.0,80.5,1.0036,47.24,5
C4,rrt_star,1.0,6,SUCESSO,1.01,110.5,0.9879,47.72,5
C4,rrt_star,1.0,7,SUCESSO,1.01,66.5,0.9891,46.56,5
C4,rrt_star,1.0,8,SUCESSO,1.0,75.0,0.9638,46.02,5
C4,rrt_star,1.0,9,SUCESSO,1.01,100.1,1.0072,49.36,5
C4,rrt_star,1.0,10,SUCESSO,1.0,100.7,0.9687,46.14,5
C4,rrt_star,1.0,11,SUCESSO,1.0,75.8,0.8012,48.4,5
C4,rrt_star,1.0,12,SUCESSO,1.0,46.2,0.963,46.8,5
C4,rrt_star,1.0,13,SUCESSO,1.01,125.8,1.0261,48.52,5
C4,rrt_star,1.0,14,SUCESSO,1.01,105.3,1.0449,46.9,5
C4,rrt_star,1.0,15,SUCESSO,1.01,138.1,0.9805,46.59,5
C4,rrt_star,1.0,16,SUCESSO,1.0,66.6,1.0109,46.61,5
C4,rrt_star,1.0,17,SUCESSO,1.01,84.6,0.9754,46.76,5
C4,rrt_star,1.0,18,SUCESSO,1.01,122.9,0.9663,46.53,5
C4,rrt_star,1.0,19,SUCESSO,1.0,114.6,1.0184,46.66,5
C4,rrt_star,2.0,0,SUCESSO,2.0,88.8,1.069,50.75,4
C4,rrt_star,2.0,1,SUCESSO,2.01,92.0,1.0197,47.93,5
C4,rrt_star,2.0,2,SUCESSO,2.01,121.0,1.0065,48.41,5
C4,rrt_star,2.0,3,SUCESSO,2.0,46.2,0.9962,49.42,5
C4,rrt_star,2.0,4,SUCESSO,2.0,120.1,1.0581,49.04,5
C4,rrt_star,2.0,5,SUCESSO,2.0,47.1,0.8752,53.67,5
C4,rrt_star,2.0,6,SUCESSO,2.01,85.3,0.8222,51.34,5
C4,rrt_star,2.0,7,SUCESSO,2.01,80.7,0.9798,46.1,5
C4,rrt_star,2.0,8,SUCESSO,2.01,47.5,0.8405,52.71,5
C4,rrt_star,2.0,9,SUCESSO,2.0,45.0,0.9484,46.52,5
C4,rrt_star,2.0,10,SUCESSO,2.01,124.6,0.9687,46.14,5
C4,rrt_star,2.0,11,SUCESSO,2.01,103.8,0.8012,48.4,5
C4,rrt_star,2.0,12,SUCESSO,2.0,42.8,0.9684,47.06,5
C4,rrt_star,2.0,13,SUCESSO,2.01,126.0,1.0261,48.52,5
C4,rrt_star,2.0,14,SUCESSO,2.01,108.7,0.8333,52.39,5
C4,rrt_star,2.0,15,SUCESSO,2.0,58.3,0.8086,50.81,5
C4,rrt_star,2.0,16,SUCESSO,2.0,117.1,1.0109,46.61,5
C4,rrt_star,2.0,17,SUCESSO,2.01,50.0,0.8219,49.24,5
C4,rrt_star,2.0,18,SUCESSO,2.01,92.8,0.9663,46.53,5
C4,rrt_star,2.0,19,SUCESSO,2.01,141.0,1.0184,46.66,5
C4,rrt_star,5.0,0,SUCESSO,5.01,100.0,0.8433,50.34,6
C4,rrt_star,5.0,1,SUCESSO,5.01,80.4,0.8638,52.56,5
C4,rrt_star,5.0,2,SUCESSO,5.0,132.6,0.7762,46.86,5
C4,rrt_star,5.0,3,SUCESSO,5.01,108.7,1.0156,48.49,5
C4,rrt_star,5.0,4,SUCESSO,5.0,160.3,0.8363,53.11,7
C4,rrt_star,5.0,5,SUCESSO,5.01,85.3,0.8244,49.45,5
C4,rrt_star,5.0,6,SUCESSO,5.0,52.9,0.7826,48.58,5
C4,rrt_star,5.0,7,SUCESSO,5.01,80.7,0.9798,46.1,5
C4,rrt_star,5.0,8,SUCESSO,5.02,100.9,0.8405,52.71,5
C4,rrt_star,5.0,9,SUCESSO,5.0,75.9,0.9484,46.52,5
C4,rrt_star,5.0,10,SUCESSO,5.01,94.7,0.817,48.78,5
C4,rrt_star,5.0,11,SUCESSO,5.01,78.5,0.8012,48.4,5
C4,rrt_star,5.0,12,SUCESSO,5.0,27.8,0.8451,52.77,5
C4,rrt_star,5.0,13,SUCESSO,5.01,127.2,0.9818,47.67,5
C4,rrt_star,5.0,14,SUCESSO,5.01,65.6,0.7844,47.76,5
C4,rrt_star,5.0,15,SUCESSO,5.01,136.3,0.8086,50.81,5
C4,rrt_star,5.0,16,SUCESSO,5.0,67.5,0.7889,48.34,5
C4,rrt_star,5.0,17,SUCESSO,5.0,52.2,0.8348,52.72,4
C4,rrt_star,5.0,18,SUCESSO,5.01,93.1,0.9663,46.53,5
C4,rrt_star,5.0,19,SUCESSO,5.01,140.2,1.0184,46.66,5
C4,rrt_star,10.0,0,SUCESSO,10.0,57.1,0.8392,52.15,5
C4,rrt_star,10.0,1,SUCESSO,10.0,46.0,0.8302,49.38,5
C4,rrt_star,10.0,2,SUCESSO,10.01,121.5,0.7762,46.86,5
C4,rrt_star,10.0,3,SUCESSO,10.01,111.8,0.8397,48.27,5
C4,rrt_star,10.0,4,SUCESSO,10.01,167.8,0.8156,51.15,7
C4,rrt_star,10.0,5,SUCESSO,10.01,78.1,0.8224,49.06,5
C4,rrt_star,10.0,6,SUCESSO,10.0,47.5,0.7939,48.53,5
C4,rrt_star,10.0,7,SUCESSO,10.01,82.6,0.8464,49.08,5
C4,rrt_star,10.0,8,SUCESSO,10.0,44.9,0.8239,51.32,6
C4,rrt_star,10.0,9,SUCESSO,10.01,78.6,0.8229,51.09,5
C4,rrt_star,10.0,10,SUCESSO,10.01,97.0,0.817,48.78,5
C4,rrt_star,10.0,11,SUCESSO,10.01,104.4,0.8012,48.4,5
C4,rrt_star,10.0,12,SUCESSO,10.01,32.0,0.8451,52.77,5
C4,rrt_star,10.0,13,SUCESSO,10.01,60.8,0.7948,48.24,5
C4,rrt_star,10.0,14,SUCESSO,10.01,109.9,0.7844,47.76,5
C4,rrt_star,10.0,15,SUCESSO,10.0,58.3,0.7977,49.77,5
C4,rrt_star,10.0,16,SUCESSO,10.01,156.4,0.7889,48.34,5
C4,rrt_star,10.0,17,SUCESSO,10.01,106.8,0.8348,52.72,4
C4,rrt_star,10.0,18,SUCESSO,10.01,96.4,0.8028,47.91,5
C4,rrt_star,10.0,19,SUCESSO,10.01,137.7,0.8571,52.61,5
C4,rrt_star,20.0,0,SUCESSO,20.01,57.0,0.7827,48.96,5
C4,rrt_star,20.0,1,SUCESSO,20.01,73.2,0.7902,46.99,5
C4,rrt_star,20.0,2,SUCESSO,20.0,70.2,0.7762,46.86,5
C4,rrt_star,20.0,3,SUCESSO,20.01,113.1,0.8383,48.14,5
C4,rrt_star,20.0,4,SUCESSO,20.01,74.4,0.8155,51.14,7
C4,rrt_star,20.0,5,SUCESSO,20.01,105.1,0.808,46.62,5
C4,rrt_star,20.0,6,SUCESSO,20.01,62.2,0.7753,47.89,5
C4,rrt_star,20.0,7,SUCESSO,20.01,65.9,0.797,47.57,5
C4,rrt_star,20.0,8,SUCESSO,20.01,77.8,0.8201,48.2,5
C4,rrt_star,20.0,9,SUCESSO,20.01,79.4,0.7801,47.84,5
C4,rrt_star,20.0,10,SUCESSO,20.01,126.0,0.7988,47.06,5
C4,rrt_star,20.0,11,SUCESSO,20.01,104.7,0.8012,48.4,5
C4,rrt_star,20.0,12,SUCESSO,20.01,58.5,0.8451,52.77,5
C4,rrt_star,20.0,13,SUCESSO,20.01,94.0,0.7612,47.23,5
C4,rrt_star,20.0,14,SUCESSO,20.0,62.3,0.7754,47.89,5
C4,rrt_star,20.0,15,SUCESSO,20.0,106.2,0.7977,49.77,5
C4,rrt_star,20.0,16,SUCESSO,20.01,156.9,0.7903,48.48,5
C4,rrt_star,20.0,17,SUCESSO,20.01,48.6,0.7923,47.33,6
C4,rrt_star,20.0,18,SUCESSO,20.01,95.4,0.8028,47.91,5
C4,rrt_star,20.0,19,SUCESSO,20.0,75.0,0.8064,47.81,5
C4,rrt_star,40.0,0,SUCESSO,40.01,119.2,0.7827,48.96,5
C4,rrt_star,40.0,1,SUCESSO,40.01,72.6,0.7851,46.51,5
C4,rrt_star,40.0,2,SUCESSO,40.01,162.0,0.7762,46.86,5
C4,rrt_star,40.0,3,SUCESSO,40.01,110.0,0.7854,47.21,5
C4,rrt_star,40.0,4,SUCESSO,40.01,82.9,0.8115,50.76,7
C4,rrt_star,40.0,5,SUCESSO,40.0,81.2,0.7625,47.82,5
C4,rrt_star,40.0,6,SUCESSO,40.0,65.7,0.7764,47.99,5
C4,rrt_star,40.0,7,SUCESSO,40.01,66.8,0.797,47.57,5
C4,rrt_star,40.0,8,SUCESSO,40.01,81.2,0.8201,48.2,5
C4,rrt_star,40.0,9,SUCESSO,40.01,48.0,0.7748,47.33,5
C4,rrt_star,40.0,10,SUCESSO,40.01,122.1,0.7907,47.17,5
C4,rrt_star,40.0,11,SUCESSO,40.01,83.1,0.7803,48.91,5
C4,rrt_star,40.0,12,SUCESSO,40.01,59.2,0.8318,52.13,6
C4,rrt_star,40.0,13,SUCESSO,40.02,104.0,0.7612,47.23,5
C4,rrt_star,40.0,14,SUCESSO,40.01,138.3,0.7754,47.89,5
C4,rrt_star,40.0,15,SUCESSO,40.01,135.6,0.7977,49.77,5
C4,rrt_star,40.0,16,SUCESSO,40.01,156.8,0.7842,47.89,5
C4,rrt_star,40.0,17,SUCESSO,40.01,49.5,0.7892,49.45,7
C4,rrt_star,40.0,18,SUCESSO,40.01,57.8,0.793,46.99,5
C4,rrt_star,40.0,19,SUCESSO,40.01,111.5,0.7996,47.17,5
C5,astar,,0,SUCESSO,0.68,677.6,0.437,41.4,4
C5,astar,,1,SUCESSO,0.55,546.1,0.437,41.4,4
C5,astar,,2,SUCESSO,0.73,727.6,0.438,41.49,4
C5,rrt_star,1.0,0,SUCESSO,1.01,113.5,0.5222,49.47,3
C5,rrt_star,1.0,1,SUCESSO,1.01,175.3,0.4802,45.49,3
C5,rrt_star,1.0,2,SUCESSO,1.0,96.0,0.4867,46.11,3
C5,rrt_star,1.0,3,SUCESSO,1.0,62.4,0.459,43.49,3
C5,rrt_star,1.0,4,SUCESSO,1.0,70.4,0.491,46.52,3
C5,rrt_star,1.0,5,SUCESSO,1.01,152.3,0.4685,44.38,3
C5,rrt_star,1.0,6,SUCESSO,1.0,112.8,0.5365,50.83,3
C5,rrt_star,1.0,7,SUCESSO,1.01,177.7,0.4855,46.0,3
C5,rrt_star,1.0,8,SUCESSO,1.01,61.5,0.4773,45.21,3
C5,rrt_star,1.0,9,SUCESSO,1.01,97.5,0.439,41.59,3
C5,rrt_star,1.0,10,SUCESSO,1.0,105.9,0.4539,43.0,3
C5,rrt_star,1.0,11,SUCESSO,1.01,76.3,0.4868,46.11,3
C5,rrt_star,1.0,12,SUCESSO,1.01,43.9,0.4587,43.46,3
C5,rrt_star,1.0,13,SUCESSO,1.01,162.5,0.5858,55.5,3
C5,rrt_star,1.0,14,SUCESSO,1.01,62.6,0.4579,43.38,4
C5,rrt_star,1.0,15,SUCESSO,1.0,60.2,0.4382,41.52,4
C5,rrt_star,1.0,16,SUCESSO,1.0,85.2,0.4615,43.72,3
C5,rrt_star,1.0,17,SUCESSO,1.01,86.3,0.4458,42.24,4
C5,rrt_star,1.0,18,SUCESSO,1.0,58.4,0.4368,41.38,4
C5,rrt_star,1.0,19,SUCESSO,1.01,163.5,0.4686,44.39,3
C5,rrt_star,2.0,0,SUCESSO,2.0,91.5,0.4883,46.26,3
C5,rrt_star,2.0,1,SUCESSO,2.0,72.9,0.4425,41.92,3
C5,rrt_star,2.0,2,SUCESSO,2.01,121.3,0.4867,46.11,3
C5,rrt_star,2.0,3,SUCESSO,2.01,140.2,0.459,43.49,3
C5,rrt_star,2.0,4,SUCESSO,2.0,69.5,0.4849,45.94,3
C5,rrt_star,2.0,5,SUCESSO,2.01,152.0,0.4685,44.38,3
C5,rrt_star,2.0,6,SUCESSO,2.0,114.9,0.5115,48.46,3
C5,rrt_star,2.0,7,SUCESSO,2.0,78.0,0.4526,42.88,4
C5,rrt_star,2.0,8,SUCESSO,2.0,107.1,0.451,42.73,3
C5,rrt_star,2.0,9,SUCESSO,2.0,52.7,0.439,41.59,3
C5,rrt_star,2.0,10,SUCESSO,2.0,79.3,0.4539,43.0,3
C5,rrt_star,2.0,11,SUCESSO,2.01,167.4,0.4868,46.11,3
C5,rrt_star,2.0,12,SUCESSO,2.01,31.2,0.4587,43.46,3
C5,rrt_star,2.0,13,SUCESSO,2.0,66.8,0.4641,43.96,3
C5,rrt_star,2.0,14,SUCESSO,2.01,129.9,0.4433,41.99,3
C5,rrt_star,2.0,15,SUCESSO,2.01,113.1,0.4382,41.52,4
C5,rrt_star,2.0,16,SUCESSO,2.0,82.6,0.4615,43.72,3
C5,rrt_star,2.0,17,SUCESSO,2.01,85.3,0.4404,41.73,3
C5,rrt_star,2.0,18,SUCESSO,2.0,44.6,0.4424,41.91,4
C5,rrt_star,2.0,19,SUCESSO,2.0,122.6,0.4595,43.54,3
C5,rrt_star,5.0,0,SUCESSO,5.0,154.0,0.4883,46.26,3
C5,rrt_star,5.0,1,SUCESSO,5.01,175.6,0.4425,41.92,3
C5,rrt_star,5.0,2,SUCESSO,5.01,94.1,0.4424,41.92,4
C5,rrt_star,5.0,3,SUCESSO,5.01,107.1,0.4511,42.73,4
C5,rrt_star,5.0,4,SUCESSO,5.01,53.9,0.4407,41.75,4
C5,rrt_star,5.0,5,SUCESSO,5.01,152.8,0.4589,43.48,3
C5,rrt_star,5.0,6,SUCESSO,5.0,63.9,0.4519,42.81,4
C5,rrt_star,5.0,7,SUCESSO,5.01,177.6,0.4526,42.88,4
C5,rrt_star,5.0,8,SUCESSO,5.0,59.6,0.443,41.97,3
C5,rrt_star,5.0,9,SUCESSO,5.0,54.4,0.4398,41.66,3
C5,rrt_star,5.0,10,SUCESSO,5.01,81.5,0.4435,42.02,4
C5,rrt_star,5.0,11,SUCESSO,5.01,169.4,0.4615,43.72,4
C5,rrt_star,5.0,12,SUCESSO,5.01,48.6,0.4587,43.46,3
C5,rrt_star,5.0,13,SUCESSO,5.01,158.9,0.4488,42.52,3
C5,rrt_star,5.0,14,SUCESSO,5.0,98.2,0.4515,42.77,3
C5,rrt_star,5.0,15,SUCESSO,5.01,85.7,0.4382,41.52,4
C5,rrt_star,5.0,16,SUCESSO,5.0,49.0,0.4429,41.96,3
C5,rrt_star,5.0,17,SUCESSO,5.0,39.4,0.4424,41.91,3
C5,rrt_star,5.0,18,SUCESSO,5.01,103.6,0.4435,42.02,4
C5,rrt_star,5.0,19,SUCESSO,5.01,162.9,0.4584,43.43,3
C5,rrt_star,10.0,0,SUCESSO,10.0,95.4,0.4412,41.8,3
C5,rrt_star,10.0,1,SUCESSO,10.0,140.2,0.4425,41.92,3
C5,rrt_star,10.0,2,SUCESSO,10.0,97.4,0.4392,41.61,4
C5,rrt_star,10.0,3,SUCESSO,10.01,142.7,0.4502,42.65,4
C5,rrt_star,10.0,4,SUCESSO,10.01,94.1,0.4407,41.75,4
C5,rrt_star,10.0,5,SUCESSO,10.01,121.8,0.4888,46.3,5
C5,rrt_star,10.0,6,SUCESSO,10.01,116.1,0.4519,42.81,4
C5,rrt_star,10.0,7,SUCESSO,10.0,75.2,0.4417,41.85,3
C5,rrt_star,10.0,8,SUCESSO,10.01,139.2,0.4413,41.81,3
C5,rrt_star,10.0,9,SUCESSO,10.01,121.1,0.4398,41.66,3
C5,rrt_star,10.0,10,SUCESSO,10.01,82.0,0.4431,41.98,4
C5,rrt_star,10.0,11,SUCESSO,10.0,79.7,0.4412,41.79,4
C5,rrt_star,10.0,12,SUCESSO,10.0,48.6,0.4495,42.58,3
C5,rrt_star,10.0,13,SUCESSO,10.0,74.5,0.4436,42.02,3
C5,rrt_star,10.0,14,SUCESSO,10.0,56.2,0.4433,41.99,3
C5,rrt_star,10.0,15,SUCESSO,10.01,113.2,0.4382,41.52,4
C5,rrt_star,10.0,16,SUCESSO,10.01,109.5,0.4429,41.96,3
C5,rrt_star,10.0,17,SUCESSO,10.01,64.8,0.4424,41.91,3
C5,rrt_star,10.0,18,SUCESSO,10.01,78.9,0.4382,41.51,4
C5,rrt_star,10.0,19,SUCESSO,10.0,68.4,0.4401,41.7,3
C5,rrt_star,20.0,0,SUCESSO,20.01,157.1,0.4396,41.64,4
C5,rrt_star,20.0,1,SUCESSO,20.01,134.5,0.4425,41.92,3
C5,rrt_star,20.0,2,SUCESSO,20.01,123.4,0.4392,41.61,4
C5,rrt_star,20.0,3,SUCESSO,20.01,141.8,0.4428,41.95,4
C5,rrt_star,20.0,4,SUCESSO,20.01,93.0,0.4407,41.75,4
C5,rrt_star,20.0,5,SUCESSO,20.01,69.5,0.44,41.68,5
C5,rrt_star,20.0,6,SUCESSO,20.01,68.5,0.4405,41.73,4
C5,rrt_star,20.0,7,SUCESSO,20.01,134.5,0.4417,41.85,3
C5,rrt_star,20.0,8,SUCESSO,20.01,139.5,0.4455,42.2,4
C5,rrt_star,20.0,9,SUCESSO,20.01,56.0,0.439,41.59,3
C5,rrt_star,20.0,10,SUCESSO,20.01,81.1,0.444,42.06,4
C5,rrt_star,20.0,11,SUCESSO,20.01,76.4,0.4384,41.53,4
C5,rrt_star,20.0,12,SUCESSO,20.0,50.8,0.4435,42.02,5
C5,rrt_star,20.0,13,SUCESSO,20.0,122.3,0.4436,42.02,3
C5,rrt_star,20.0,14,SUCESSO,20.01,130.7,0.44,41.68,4
C5,rrt_star,20.0,15,SUCESSO,20.02,113.2,0.4382,41.52,4
C5,rrt_star,20.0,16,SUCESSO,20.01,106.8,0.4429,41.96,3
C5,rrt_star,20.0,17,SUCESSO,20.0,38.5,0.4424,41.91,3
C5,rrt_star,20.0,18,SUCESSO,20.01,50.0,0.4382,41.51,4
C5,rrt_star,20.0,19,SUCESSO,20.01,128.2,0.4401,41.7,3
C5,rrt_star,40.0,0,SUCESSO,40.01,99.7,0.4415,41.82,5
C5,rrt_star,40.0,1,SUCESSO,40.01,135.6,0.4412,41.8,3
C5,rrt_star,40.0,2,SUCESSO,40.01,94.6,0.4392,41.61,4
C5,rrt_star,40.0,3,SUCESSO,40.01,107.2,0.4401,41.69,4
C5,rrt_star,40.0,4,SUCESSO,40.01,92.9,0.4407,41.75,4
C5,rrt_star,40.0,5,SUCESSO,40.01,156.8,0.44,41.68,5
C5,rrt_star,40.0,6,SUCESSO,40.01,68.1,0.4401,41.7,4
C5,rrt_star,40.0,7,SUCESSO,40.01,175.9,0.4417,41.85,3
C5,rrt_star,40.0,8,SUCESSO,40.01,140.4,0.442,41.87,4
C5,rrt_star,40.0,9,SUCESSO,40.01,54.5,0.439,41.59,3
C5,rrt_star,40.0,10,SUCESSO,40.0,52.8,0.4389,41.58,4
C5,rrt_star,40.0,11,SUCESSO,40.01,82.1,0.439,41.59,5
C5,rrt_star,40.0,12,SUCESSO,40.01,54.2,0.4416,41.84,5
C5,rrt_star,40.0,13,SUCESSO,40.01,124.1,0.4436,42.02,3
C5,rrt_star,40.0,14,SUCESSO,40.02,102.1,0.44,41.68,4
C5,rrt_star,40.0,15,SUCESSO,40.01,50.6,0.4371,41.41,4
C5,rrt_star,40.0,16,SUCESSO,40.01,108.9,0.4429,41.96,3
C5,rrt_star,40.0,17,SUCESSO,40.0,64.9,0.4424,41.91,3
C5,rrt_star,40.0,18,SUCESSO,40.01,103.8,0.4382,41.51,4
C5,rrt_star,40.0,19,SUCESSO,40.01,162.4,0.4401,41.7,3
C6,astar,,0,SUCESSO,3.36,3351.5,3.7784,207.77,10
C6,astar,,1,SUCESSO,2.93,2924.6,3.7784,207.49,10
C6,astar,,2,SUCESSO,3.33,3325.7,3.6296,205.47,10
C6,rrt_star,1.0,0,SUCESSO,3.01,282.1,4.1888,204.65,11
C6,rrt_star,1.0,1,SUCESSO,3.01,229.6,4.1617,203.7,9
C6,rrt_star,1.0,2,SUCESSO,3.04,449.2,3.9211,198.55,13
C6,rrt_star,1.0,3,SUCESSO,3.02,723.9,3.8604,201.56,11
C6,rrt_star,1.0,4,SUCESSO,3.01,254.4,4.2147,206.43,10
C6,rrt_star,1.0,5,SUCESSO,3.01,273.1,4.2045,199.76,10
C6,rrt_star,1.0,6,SUCESSO,3.03,947.2,4.2371,211.28,10
C6,rrt_star,1.0,7,SUCESSO,3.02,784.8,4.468,215.65,9
C6,rrt_star,1.0,8,SUCESSO,3.02,500.8,4.2521,201.61,11
C6,rrt_star,1.0,9,SUCESSO,3.02,626.3,3.9649,199.52,11
C6,rrt_star,1.0,10,SUCESSO,3.02,470.1,4.0341,204.71,12
C6,rrt_star,1.0,11,SUCESSO,3.02,466.1,4.3644,209.46,12
C6,rrt_star,1.0,12,SUCESSO,3.01,278.1,4.2195,204.65,9
C6,rrt_star,1.0,13,SUCESSO,3.01,383.5,4.1263,209.83,10
C6,rrt_star,1.0,14,SUCESSO,3.02,721.1,4.3097,203.78,10
C6,rrt_star,1.0,15,SUCESSO,3.04,757.0,4.2828,204.59,12
C6,rrt_star,1.0,16,SUCESSO,3.01,252.8,3.9372,198.83,11
C6,rrt_star,1.0,17,SUCESSO,3.01,360.8,4.337,208.41,9
C6,rrt_star,1.0,18,SUCESSO,3.01,753.3,4.2505,215.21,9
C6,rrt_star,1.0,19,SUCESSO,3.03,694.2,4.1088,200.44,10
C6,rrt_star,2.0,0,SUCESSO,6.03,581.5,4.1888,204.65,11
C6,rrt_star,2.0,1,SUCESSO,6.02,524.3,4.1617,203.7,9
C6,rrt_star,2.0,2,SUCESSO,6.02,447.3,3.9211,198.55,13
C6,rrt_star,2.0,3,SUCESSO,6.01,336.7,3.8445,200.05,11
C6,rrt_star,2.0,4,SUCESSO,6.02,464.7,4.2147,206.43,10
C6,rrt_star,2.0,5,SUCESSO,6.01,294.9,4.2045,199.76,10
C6,rrt_star,2.0,6,SUCESSO,6.02,408.7,4.2371,211.28,10
C6,rrt_star,2.0,7,SUCESSO,6.02,1024.5,4.468,215.65,9
C6,rrt_star,2.0,8,SUCESSO,6.03,668.7,4.2521,201.61,11
C6,rrt_star,2.0,9,SUCESSO,6.02,631.1,3.9649,199.52,11
C6,rrt_star,2.0,10,SUCESSO,6.02,479.7,4.0185,203.96,12
C6,rrt_star,2.0,11,SUCESSO,6.02,279.1,4.3644,209.46,12
C6,rrt_star,2.0,12,SUCESSO,6.02,648.3,4.2433,205.81,9
C6,rrt_star,2.0,13,SUCESSO,6.01,618.2,4.1263,209.83,10
C6,rrt_star,2.0,14,SUCESSO,6.02,545.9,4.3097,203.78,10
C6,rrt_star,2.0,15,SUCESSO,6.01,327.6,4.2706,204.0,12
C6,rrt_star,2.0,16,SUCESSO,6.02,298.0,3.9372,198.83,11
C6,rrt_star,2.0,17,SUCESSO,6.02,606.7,4.337,208.41,9
C6,rrt_star,2.0,18,SUCESSO,6.01,435.8,4.2505,215.21,9
C6,rrt_star,2.0,19,SUCESSO,6.03,695.5,4.1088,200.44,10
C6,rrt_star,5.0,0,SUCESSO,15.02,482.3,4.1888,204.65,11
C6,rrt_star,5.0,1,SUCESSO,15.01,288.8,4.1098,204.01,9
C6,rrt_star,5.0,2,SUCESSO,15.03,469.1,3.9161,198.31,13
C6,rrt_star,5.0,3,SUCESSO,15.02,720.5,3.8445,200.05,11
C6,rrt_star,5.0,4,SUCESSO,15.01,258.3,4.214,206.2,10
C6,rrt_star,5.0,5,SUCESSO,15.02,454.8,4.2045,199.76,10
C6,rrt_star,5.0,6,SUCESSO,15.02,715.5,4.2371,211.28,10
C6,rrt_star,5.0,7,SUCESSO,15.02,1020.7,4.468,215.65,9
C6,rrt_star,5.0,8,SUCESSO,15.02,290.3,4.2505,201.54,11
C6,rrt_star,5.0,9,SUCESSO,15.02,480.2,3.9649,199.52,11
C6,rrt_star,5.0,10,SUCESSO,15.03,621.6,4.0185,203.96,12
C6,rrt_star,5.0,11,SUCESSO,15.04,620.5,4.3644,209.46,12
C6,rrt_star,5.0,12,SUCESSO,15.01,326.9,4.2305,205.18,9
C6,rrt_star,5.0,13,SUCESSO,15.01,515.3,4.1269,209.86,10
C6,rrt_star,5.0,14,SUCESSO,15.02,567.0,4.3097,203.78,10
C6,rrt_star,5.0,15,SUCESSO,15.04,762.3,4.2706,204.0,12
C6,rrt_star,5.0,16,SUCESSO,15.01,341.9,3.9372,198.83,11
C6,rrt_star,5.0,17,SUCESSO,15.02,633.7,4.337,208.41,9
C6,rrt_star,5.0,18,SUCESSO,15.01,692.6,4.2317,215.11,9
C6,rrt_star,5.0,19,SUCESSO,15.03,695.4,4.1088,200.44,10
C6,rrt_star,10.0,0,SUCESSO,30.01,340.4,4.1729,202.89,11
C6,rrt_star,10.0,1,SUCESSO,30.02,410.8,4.101,203.58,9
C6,rrt_star,10.0,2,SUCESSO,30.02,272.8,3.9094,198.65,14
C6,rrt_star,10.0,3,SUCESSO,30.03,648.0,3.8445,200.05,11
C6,rrt_star,10.0,4,SUCESSO,30.01,260.9,3.9527,203.88,10
C6,rrt_star,10.0,5,SUCESSO,30.02,465.6,4.2045,199.76,10
C6,rrt_star,10.0,6,SUCESSO,30.02,730.3,4.254,212.1,11
C6,rrt_star,10.0,7,SUCESSO,30.03,1019.3,4.362,210.52,9
C6,rrt_star,10.0,8,SUCESSO,30.03,516.5,4.2505,201.54,11
C6,rrt_star,10.0,9,SUCESSO,30.01,316.7,3.9649,199.52,11
C6,rrt_star,10.0,10,SUCESSO,30.03,624.5,4.0185,203.96,12
C6,rrt_star,10.0,11,SUCESSO,30.03,617.3,4.3466,208.6,12
C6,rrt_star,10.0,12,SUCESSO,30.01,317.0,4.2305,205.18,9
C6,rrt_star,10.0,13,SUCESSO,30.01,377.3,4.1014,208.62,10
C6,rrt_star,10.0,14,SUCESSO,30.02,573.5,4.3097,203.78,10
C6,rrt_star,10.0,15,SUCESSO,30.02,486.1,4.0155,199.6,10
C6,rrt_star,10.0,16,SUCESSO,30.02,598.3,3.9372,198.83,11
C6,rrt_star,10.0,17,SUCESSO,30.01,525.3,4.3345,210.83,9
C6,rrt_star,10.0,18,SUCESSO,30.02,780.6,4.2524,216.11,9
C6,rrt_star,10.0,19,SUCESSO,30.02,690.6,4.0863,199.62,10
C6,rrt_star,20.0,0,SUCESSO,60.04,607.6,4.1729,202.89,11
C6,rrt_star,20.0,1,SUCESSO,60.03,547.4,4.101,203.58,9
C6,rrt_star,20.0,2,SUCESSO,60.03,560.5,3.9094,198.65,14
C6,rrt_star,20.0,3,SUCESSO,60.02,604.6,3.8445,200.05,11
C6,rrt_star,20.0,4,SUCESSO,60.03,597.9,3.9527,203.88,10
C6,rrt_star,20.0,5,SUCESSO,60.02,586.4,4.2246,200.73,10
C6,rrt_star,20.0,6,SUCESSO,60.01,520.0,3.9831,206.77,10
C6,rrt_star,20.0,7,SUCESSO,60.02,1029.9,4.3946,212.09,10
C6,rrt_star,20.0,8,SUCESSO,60.02,532.2,4.2505,201.54,11
C6,rrt_star,20.0,9,SUCESSO,60.03,536.5,3.9649,199.52,11
C6,rrt_star,20.0,10,SUCESSO,60.03,492.8,4.0185,203.96,12
C6,rrt_star,20.0,11,SUCESSO,60.02,403.1,4.3139,206.41,12
C6,rrt_star,20.0,12,SUCESSO,60.01,299.7,3.6378,204.45,10
C6,rrt_star,20.0,13,SUCESSO,60.02,603.5,3.8744,210.58,10
C6,rrt_star,20.0,14,SUCESSO,60.03,718.2,4.3097,203.78,10
C6,rrt_star,20.0,15,SUCESSO,60.02,474.2,3.663,207.52,11
C6,rrt_star,20.0,16,SUCESSO,60.03,425.6,3.6874,199.82,10
C6,rrt_star,20.0,17,SUCESSO,60.02,392.0,3.7737,201.13,11
C6,rrt_star,20.0,18,SUCESSO,60.02,1003.0,4.1374,214.53,11
C6,rrt_star,20.0,19,SUCESSO,60.03,689.9,4.076,199.13,10
C6,rrt_star,40.0,0,SUCESSO,120.03,411.3,3.6598,212.01,13
C6,rrt_star,40.0,1,SUCESSO,120.02,343.2,3.7777,197.93,10
C6,rrt_star,40.0,2,SUCESSO,120.03,421.3,3.5717,201.39,11
C6,rrt_star,40.0,3,SUCESSO,120.03,465.9,3.6344,202.12,11
C6,rrt_star,40.0,4,SUCESSO,120.02,512.3,3.6726,209.94,11
C6,rrt_star,40.0,5,SUCESSO,120.02,489.6,3.8414,199.21,10
C6,rrt_star,40.0,6,SUCESSO,120.03,612.2,3.6492,206.53,11
C6,rrt_star,40.0,7,SUCESSO,120.03,625.5,3.7719,217.39,11
C6,rrt_star,40.0,8,SUCESSO,120.02,319.3,3.5915,202.72,11
C6,rrt_star,40.0,9,SUCESSO,120.03,344.0,3.6397,202.35,10
C6,rrt_star,40.0,10,SUCESSO,120.04,468.6,3.9089,208.29,11
C6,rrt_star,40.0,11,SUCESSO,120.03,464.3,3.8713,204.54,11
C6,rrt_star,40.0,12,SUCESSO,120.03,459.6,3.6306,203.76,10
C6,rrt_star,40.0,13,SUCESSO,120.02,630.5,3.7833,219.08,11
C6,rrt_star,40.0,14,SUCESSO,120.03,708.3,3.7899,207.07,12
C6,rrt_star,40.0,15,SUCESSO,120.02,388.2,3.6184,203.76,10
C6,rrt_star,40.0,16,SUCESSO,120.03,440.2,3.6874,199.82,10
C6,rrt_star,40.0,17,SUCESSO,120.02,526.7,3.5841,203.15,10
C6,rrt_star,40.0,18,SUCESSO,120.03,687.7,3.6865,214.11,13
C6,rrt_star,40.0,19,SUCESSO,120.02,597.9,3.5963,200.59,10
